{ "system description": {
"processor": 26,
"file backing memory": "/mnt/pmem7/fsgeek-test.dat",
"RTM" : 1,
"HLE" : 1,
"CLFLUSHOPT": 1,
"CLWB": 1,
"cache line size": 64,
"L1 cache size (KB)": 32,
"L2 cache size (KB)": 1024,
"L3 cache size (KB)": 33792,
"cache info": " "},
"backing file test": {
	"size 8KB": {
		"write time test": [2267284.000000, 25946.000000, 22968.000000, 21410.000000, 43980.000000, 28830.000000, 23050.000000, 22198.000000, 30064.000000, 26990.000000],
		"fsync time test": [142886.000000, 6702.000000, 4144.000000, 4056.000000, 3978.000000, 3972.000000, 3952.000000, 4000.000000, 4008.000000, 3974.000000],
		"test_cache_behavior_10":{
			"walk list without update": {"pagecount": 2,"runs": 10,"time": 348.800000},
			"walk list": {"pagecount": 2,"runs": 10,"time": 289.800000}
		},
	"size 16KB": {
		"write time test": [1772128.000000, 24752.000000, 23198.000000, 26166.000000, 23568.000000, 28192.000000, 27668.000000, 26700.000000, 22250.000000, 24486.000000],
		"fsync time test": [86290.000000, 2490.000000, 1948.000000, 1948.000000, 2020.000000, 1948.000000, 1958.000000, 1952.000000, 1954.000000, 1934.000000],
		"test_cache_behavior_10":{
			"walk list without update": {"pagecount": 4,"runs": 10,"time": 247.000000},
			"walk list": {"pagecount": 4,"runs": 10,"time": 279.800000}
		},
	"size 32KB": {
		"write time test": [1693006.000000, 60226.000000, 41808.000000, 41168.000000, 43030.000000, 48010.000000, 39226.000000, 38270.000000, 48912.000000, 46196.000000],
		"fsync time test": [58666.000000, 2130.000000, 1856.000000, 1780.000000, 1772.000000, 1806.000000, 1776.000000, 1770.000000, 1788.000000, 1796.000000],
		"test_cache_behavior_10":{
			"walk list without update": {"pagecount": 8,"runs": 10,"time": 389.800000},
			"walk list": {"pagecount": 8,"runs": 10,"time": 107.600000}
		},
	"size 64KB": {
		"write time test": [1542264.000000, 96132.000000, 98226.000000, 78508.000000, 81732.000000, 89100.000000, 84816.000000, 101596.000000, 93964.000000, 92314.000000],
		"fsync time test": [55790.000000, 2040.000000, 1768.000000, 1758.000000, 1746.000000, 1726.000000, 1730.000000, 1748.000000, 1756.000000, 1732.000000],
		"test_cache_behavior_10":{
			"walk list without update": {"pagecount": 16,"runs": 10,"time": 343.000000},
			"walk list": {"pagecount": 16,"runs": 10,"time": 283.600000}
		},
	"size 128KB": {
		"write time test": [1589518.000000, 169474.000000, 161302.000000, 193818.000000, 184774.000000, 187632.000000, 171092.000000, 177730.000000, 156602.000000, 164734.000000],
		"fsync time test": [49364.000000, 2046.000000, 1732.000000, 1704.000000, 1726.000000, 1686.000000, 1702.000000, 1710.000000, 1684.000000, 1708.000000],
		"test_cache_behavior_10":{
			"walk list without update": {"pagecount": 32,"runs": 10,"time": 299.000000},
			"walk list": {"pagecount": 32,"runs": 10,"time": 194.200000}
		},
	"size 256KB": {
		"write time test": [1628332.000000, 334420.000000, 288460.000000, 288132.000000, 290704.000000, 285546.000000, 286364.000000, 284868.000000, 1608300.000000, 285618.000000],
		"fsync time test": [63614.000000, 2214.000000, 1678.000000, 1636.000000, 1658.000000, 1646.000000, 1674.000000, 1630.000000, 1626.000000, 1690.000000],
		"test_cache_behavior_10":{
			"walk list without update": {"pagecount": 64,"runs": 10,"time": 426.000000},
			"walk list": {"pagecount": 64,"runs": 10,"time": 521.800000}
		},
	"size 512KB": {
		"write time test": [1903000.000000, 619482.000000, 627174.000000, 642288.000000, 1823032.000000, 662828.000000, 600462.000000, 621324.000000, 1848488.000000, 622288.000000],
		"fsync time test": [68430.000000, 2310.000000, 1596.000000, 1560.000000, 1578.000000, 1600.000000, 1592.000000, 1622.000000, 1566.000000, 1566.000000],
		"test_cache_behavior_10":{
			"walk list without update": {"pagecount": 128,"runs": 10,"time": 1679.800000},
			"walk list": {"pagecount": 128,"runs": 10,"time": 1404.800000}
		},
	"size 1024KB": {
		"write time test": [2298206.000000, 1063464.000000, 2248294.000000, 1095228.000000, 2296008.000000, 1175328.000000, 2260034.000000, 1035772.000000, 2168512.000000, 1045968.000000],
		"fsync time test": [75194.000000, 2356.000000, 1508.000000, 1512.000000, 1504.000000, 1520.000000, 1554.000000, 1532.000000, 1512.000000, 1538.000000],
		"test_cache_behavior_10":{
			"walk list without update": {"pagecount": 256,"runs": 10,"time": 3030.000000},
			"walk list": {"pagecount": 256,"runs": 10,"time": 2616.000000}
		},
	"size 2048KB": {
		"write time test": [3827334.000000, 3721444.000000, 3730408.000000, 3785336.000000, 3837032.000000, 3786714.000000, 3724758.000000, 3706228.000000, 3677448.000000, 3743016.000000],
		"fsync time test": [63476.000000, 2210.000000, 1458.000000, 1506.000000, 1470.000000, 1462.000000, 1460.000000, 1470.000000, 1448.000000, 1470.000000],
		"test_cache_behavior_10":{
			"walk list without update": {"pagecount": 512,"runs": 10,"time": 6934.000000},
			"walk list": {"pagecount": 512,"runs": 10,"time": 5334.400000}
		},
	"size 4096KB": {
		"write time test": [6459020.000000, 6224246.000000, 6252134.000000, 6360810.000000, 6256928.000000, 6279398.000000, 6214018.000000, 6306216.000000, 6303934.000000, 6262646.000000],
		"fsync time test": [79618.000000, 1778.000000, 1506.000000, 1496.000000, 1452.000000, 1506.000000, 1456.000000, 1476.000000, 1488.000000, 1474.000000],
		"test_cache_behavior_10":{
			"walk list without update": {"pagecount": 1024,"runs": 10,"time": 18816.800000},
			"walk list": {"pagecount": 1024,"runs": 10,"time": 16366.000000}
		},
	"size 8192KB": {
		"write time test": [14562106.000000, 14423952.000000, 14641860.000000, 14536754.000000, 14494336.000000, 14701756.000000, 14609826.000000, 14598032.000000, 14478502.000000, 14597242.000000],
		"fsync time test": [71458.000000, 2188.000000, 1492.000000, 1476.000000, 1472.000000, 1452.000000, 1478.000000, 1470.000000, 1454.000000, 1472.000000],
		"test_cache_behavior_10":{
			"walk list without update": {"pagecount": 2048,"runs": 10,"time": 55408.000000},
			"walk list": {"pagecount": 2048,"runs": 10,"time": 89693.800000}
		},
	"size 16384KB": {
		"write time test": [24968468.000000, 25067582.000000, 25319812.000000, 25349814.000000, 25188664.000000, 25079022.000000, 25320558.000000, 25346810.000000, 25248500.000000, 25268656.000000],
		"fsync time test": [88958.000000, 1982.000000, 1516.000000, 1468.000000, 1442.000000, 1452.000000, 1498.000000, 1468.000000, 1448.000000, 1472.000000],
		"test_cache_behavior_10":{
			"walk list without update": {"pagecount": 4096,"runs": 10,"time": 224541.000000},
			"walk list": {"pagecount": 4096,"runs": 10,"time": 223868.200000}
		},
	"size 32768KB": {
		"write time test": [60795048.000000, 60752484.000000, 61080446.000000, 61110464.000000, 61139004.000000, 60908886.000000, 61212218.000000, 61559848.000000, 61052298.000000, 60717300.000000],
		"fsync time test": [90852.000000, 2436.000000, 1498.000000, 1452.000000, 1456.000000, 1470.000000, 1462.000000, 1470.000000, 1476.000000, 1466.000000],
		"test_cache_behavior_10":{
			"walk list without update": {"pagecount": 8192,"runs": 10,"time": 589206.400000},
			"walk list": {"pagecount": 8192,"runs": 10,"time": 461134.200000}
		},
	"size 65536KB": {
		"write time test": [100521002.000000, 100892674.000000, 108211908.000000, 116728648.000000, 114829138.000000, 117171410.000000, 117273610.000000, 118013752.000000, 117743582.000000, 118026002.000000],
		"fsync time test": [83918.000000, 2418.000000, 1530.000000, 1470.000000, 1452.000000, 1452.000000, 1484.000000, 1450.000000, 1460.000000, 1474.000000],
		"test_cache_behavior_10":{
			"walk list without update": {"pagecount": 16384,"runs": 10,"time": 1327949.200000},
			"walk list": {"pagecount": 16384,"runs": 10,"time": 1025285.200000}
		},
	"size 131072KB": {
		"write time test": [233990740.000000, 234273880.000000, 252238094.000000, 271005134.000000, 270682896.000000, 270117018.000000, 271537764.000000, 271873134.000000, 270726058.000000, 270751618.000000],